"행정구역","2019년_전년인구수_남자인구수","2019년_전년인구수_여자인구수","2019년_전년인구수_계","2019년_당년인구수_남자인구수","2019년_당년인구수_여자인구수","2019년_당년인구수_계","2019년_인구증감_남자인구수","2019년_인구증감_여자인구수","2019년_인구증감_계","2020년_전년인구수_남자인구수","2020년_전년인구수_여자인구수","2020년_전년인구수_계","2020년_당년인구수_남자인구수","2020년_당년인구수_여자인구수","2020년_당년인구수_계","2020년_인구증감_남자인구수","2020년_인구증감_여자인구수","2020년_인구증감_계","2021년_전년인구수_남자인구수","2021년_전년인구수_여자인구수","2021년_전년인구수_계","2021년_당년인구수_남자인구수","2021년_당년인구수_여자인구수","2021년_당년인구수_계","2021년_인구증감_남자인구수","2021년_인구증감_여자인구수","2021년_인구증감_계"
"전국  (1000000000)","25,866,129","25,959,930","51,826,059","25,864,816","25,985,045","51,849,861","-1,313","25,115","23,802","25,864,816","25,985,045","51,849,861","25,841,029","25,987,994","51,829,023","-23,787","2,949","-20,838","25,841,029","25,987,994","51,829,023","25,746,684","25,892,125","51,638,809","-94,345","-95,869","-190,214"
"서울특별시  (1100000000)","4,773,899","4,991,724","9,765,623","4,744,059","4,985,048","9,729,107","-29,840","-6,676","-36,516","4,744,059","4,985,048","9,729,107","4,701,723","4,966,742","9,668,465","-42,336","-18,306","-60,642","4,701,723","4,966,742","9,668,465","4,618,040","4,891,418","9,509,458","-83,683","-75,324","-159,007"
"부산광역시  (2600000000)","1,692,421","1,749,032","3,441,453","1,675,417","1,738,424","3,413,841","-17,004","-10,608","-27,612","1,675,417","1,738,424","3,413,841","1,661,000","1,730,946","3,391,946","-14,417","-7,478","-21,895","1,661,000","1,730,946","3,391,946","1,639,044","1,711,336","3,350,380","-21,956","-19,610","-41,566"
"대구광역시  (2700000000)","1,219,342","1,242,427","2,461,769","1,205,286","1,232,745","2,438,031","-14,056","-9,682","-23,738","1,205,286","1,232,745","2,438,031","1,193,109","1,225,237","2,418,346","-12,177","-7,508","-19,685","1,193,109","1,225,237","2,418,346","1,175,632","1,209,780","2,385,412","-17,477","-15,457","-32,934"
"인천광역시  (2800000000)","1,481,844","1,472,798","2,954,642","1,482,249","1,474,777","2,957,026","405","1,979","2,384","1,482,249","1,474,777","2,957,026","1,473,943","1,468,885","2,942,828","-8,306","-5,892","-14,198","1,473,943","1,468,885","2,942,828","1,476,373","1,472,002","2,948,375","2,430","3,117","5,547"
"광주광역시  (2900000000)","722,581","736,755","1,459,336","720,740","735,728","1,456,468","-1,841","-1,027","-2,868","720,740","735,728","1,456,468","717,348","732,714","1,450,062","-3,392","-3,014","-6,406","717,348","732,714","1,450,062","713,015","728,596","1,441,611","-4,333","-4,118","-8,451"
"대전광역시  (3000000000)","744,338","745,598","1,489,936","736,607","738,263","1,474,870","-7,731","-7,335","-15,066","736,607","738,263","1,474,870","730,699","733,183","1,463,882","-5,908","-5,080","-10,988","730,699","733,183","1,463,882","724,626","727,625","1,452,251","-6,073","-5,558","-11,631"
"울산광역시  (3100000000)","593,819","561,804","1,155,623","589,712","558,307","1,148,019","-4,107","-3,497","-7,604","589,712","558,307","1,148,019","583,708","552,309","1,136,017","-6,004","-5,998","-12,002","583,708","552,309","1,136,017","576,217","545,375","1,121,592","-7,491","-6,934","-14,425"
"세종특별자치시  (3600000000)","156,831","157,295","314,126","169,845","170,730","340,575","13,014","13,435","26,449","169,845","170,730","340,575","177,568","178,263","355,831","7,723","7,533","15,256","177,568","178,263","355,831","185,678","186,217","371,895","8,110","7,954","16,064"
"경기도  (4100000000)","6,577,501","6,499,652","13,077,153","6,659,995","6,579,671","13,239,666","82,494","80,019","162,513","6,659,995","6,579,671","13,239,666","6,754,469","6,672,545","13,427,014","94,474","92,874","187,348","6,754,469","6,672,545","13,427,014","6,827,298","6,738,152","13,565,450","72,829","65,607","138,436"
"강원도  (4200000000)","776,456","766,596","1,543,052","775,386","766,116","1,541,502","-1,070","-480","-1,550","775,386","766,116","1,541,502","776,505","766,335","1,542,840","1,119","219","1,338","776,505","766,335","1,542,840","774,332","764,160","1,538,492","-2,173","-2,175","-4,348"
"충청북도  (4300000000)","808,971","790,281","1,599,252","810,384","789,623","1,600,007","1,413","-658","755","810,384","789,623","1,600,007","811,591","789,246","1,600,837","1,207","-377","830","811,591","789,246","1,600,837","810,672","786,755","1,597,427","-919","-2,491","-3,410"
"충청남도  (4400000000)","1,082,009","1,044,273","2,126,282","1,081,938","1,041,771","2,123,709","-71","-2,502","-2,573","1,081,938","1,041,771","2,123,709","1,082,634","1,038,395","2,121,029","696","-3,376","-2,680","1,082,634","1,038,395","2,121,029","1,083,366","1,035,891","2,119,257","732","-2,504","-1,772"
"전라북도  (4500000000)","913,297","923,535","1,836,832","904,110","914,807","1,818,917","-9,187","-8,728","-17,915","904,110","914,807","1,818,917","896,874","907,230","1,804,104","-7,236","-7,577","-14,813","896,874","907,230","1,804,104","888,994","897,861","1,786,855","-7,880","-9,369","-17,249"
"전라남도  (4600000000)","943,000","939,970","1,882,970","937,674","931,071","1,868,745","-5,326","-8,899","-14,225","937,674","931,071","1,868,745","930,615","920,934","1,851,549","-7,059","-10,137","-17,196","930,615","920,934","1,851,549","922,221","910,582","1,832,803","-8,394","-10,352","-18,746"
"경상북도  (4700000000)","1,346,689","1,330,142","2,676,831","1,342,037","1,323,799","2,665,836","-4,652","-6,343","-10,995","1,342,037","1,323,799","2,665,836","1,329,211","1,310,211","2,639,422","-12,826","-13,588","-26,414","1,329,211","1,310,211","2,639,422","1,323,661","1,302,948","2,626,609","-5,550","-7,263","-12,813"
"경상남도  (4800000000)","1,697,412","1,676,576","3,373,988","1,692,032","1,670,521","3,362,553","-5,380","-6,055","-11,435","1,692,032","1,670,521","3,362,553","1,681,423","1,658,793","3,340,216","-10,609","-11,728","-22,337","1,681,423","1,658,793","3,340,216","1,668,338","1,645,845","3,314,183","-13,085","-12,948","-26,033"
"제주특별자치도  (5000000000)","335,719","331,472","667,191","337,345","333,644","670,989","1,626","2,172","3,798","337,345","333,644","670,989","338,609","336,026","674,635","1,264","2,382","3,646","338,609","336,026","674,635","339,177","337,582","676,759","568","1,556","2,124"
